Email,FirstName,LastName
toLphEa@bHVDWWj.biz,Louisa,Effertz
dZrOGhO@UviHsKX.org,Antonio,Rath
oKfyIQs@jOYBGuT.biz,Beatrice,Zieme
UNVovlf@NgTPdwv.com,Dortha,Skiles
RZgFUem@cLBZYLu.org,Halie,Okuneva
oNjkyUu@dErEUKK.biz,Theo,Dare
uAfRwME@ddkLpXL.net,Nick,Kris
FHEJVhp@bKoPCGL.biz,Timothy,Schneider
QuEZZCm@ksjSOtm.net,Chadd,Stroman
ufnxNOv@bubapZw.net,Lizzie,Walter
yaYPLQj@vxQqmsa.org,Alvis,Cummings
tYbXiuY@poFFBGy.net,Maye,Rau
rDslugo@wfFVkVf.biz,Lindsay,Kozey
hmTgrRp@FEYLHeS.biz,Kathryn,Dooley
PBlbOls@bxDIUYG.com,Alfredo,Cronin
XDtCIlN@wtBhOWO.info,Troy,Wolf
FAdbWtw@HjdPimY.com,Asia,McKenzie
yyHxLpN@uNZuRKM.org,Monica,Kris
nuvsnFB@JgUeWNy.biz,Larry,Koelpin
uWerobr@CohPlOf.net,Nolan,Smith
bgQhwUQ@YNcKrNH.org,Oma,Ryan
ERPFxrw@aKGjFKP.org,Krystel,Schiller
umZTXRo@SKgnqln.com,Anais,Grant
nXEoAmX@HedVOcp.info,Janiya,McCullough
lbJyFyn@OcQvTgI.info,Annamarie,Goyette
CxhBolC@vvsoPSK.ru,Yadav,Lockman
dlWRbgh@VWPMkZq.net,Ernie,Dickinson
KrHUFLV@yhgApOa.ru,Russ,Romaguera
bvGNvlc@hNckMCb.org,Freida,Schneider
mcxdkaX@OKWRtgM.org,Christop,Corkery
eDWVYtD@YIZFbuK.ru,Enid,Dicki
VNMXSGJ@HitfwIE.info,Nestor,Tremblay
OcarnAp@ctVqDEr.info,Willow,Hessel
YghXttf@AEoAkNE.info,Keven,Spinka
qbojAra@htMZjiZ.com,Kattie,Mayer
rFQjtRa@KMQpEir.info,Leonora,Koepp
yDiewfI@UHQqDtJ.net,Deondre,Durgan
AZAoPhj@kZVullG.info,Mozell,Langworth
dHbIOgm@sHKtvEr.biz,Hugh,Schuppe
oNGpXde@YKpEnYY.biz,Jayce,Adams
pjPXvEE@TKPmcYS.com,Ashlynn,Renner
GuOWSCv@wRpWXlv.org,Ashtyn,Pfeffer
CoaNjMg@EiuKIyd.com,Johanna,Torp
tsQkJxy@BBYKbDx.org,Emma,Lynch
CbsnhXa@YCJKPXY.com,Dashawn,Breitenberg
JvrDuTN@RwyTSel.com,Gwendolyn,Gottlieb
uhhHsuL@qaehtcf.info,Odell,Nader
YTIDfyu@gtcYsIC.net,Pauline,Abshire
NprWlFH@rMBioqS.biz,Ressie,Streich
jXMpwjG@EWMwRtf.ru,Omari,Murphy
ldJkScH@Zujwekr.org,Precious,Goyette
ufwflMp@FpPOZCi.com,Velva,Stoltenberg
fdAHXPT@RZVbyYX.biz,Kenyon,Murazik
yDkgtad@pQmFWiI.info,Tad,Romaguera
LsLofqL@wLDHrFH.info,King,Hodkiewicz
hrBeaQI@suEYxmE.biz,Cheyenne,Kuhic
BBYppkV@ljKyJAy.com,Edwina,Koelpin
ytRajDI@ZGDXOLJ.com,Jada,Walsh
clFyPiU@QgyYWov.info,Pattie,Simonis
JaknyHe@MpWJnkr.com,Genesis,Abernathy
fbFPCQu@asMDabd.net,Kobe,O'Connell
ZlTegPe@PACAcqT.com,Bridie,Reynolds
aohBcwc@BvfAPMp.biz,Tavares,Botsford
AmgUSMF@DVpLaQp.ru,Louvenia,Kirlin
qgTvYlp@LtoryrN.biz,Alessandra,Haley
wcqFTic@qZKMBlf.com,Jayce,Hand
tuHePdC@CdnySOy.com,Summer,Gutmann
mHRYkEj@HIwCquO.org,Max,Corwin
lTjFZhn@trUNcWO.net,Broderick,Dietrich
GMtPJpI@cneIhOR.info,Enrique,Reilly
QgQOusa@pvvSVeM.org,Margarett,Tremblay
ieFaNQF@qeelICT.ru,Trystan,Collins
bRQeEwf@XaGvEwe.info,Flo,Cruickshank
xuvsUJU@jPtjDto.net,Nella,Lockman
dxFPgHU@ksXpAed.ru,Sheldon,Ritchie
LgUlwSl@TwDVJqN.net,Catalina,Grimes
YsvoESD@ZyyRSEF.org,Rosalia,Corwin
fxrLevv@kvZpfSG.net,Rebekah,Boyer
spFnDVs@delyTlW.info,Rebeca,Rogahn
fiOtpiu@gLGQRcZ.net,Albertha,Langosh
lVCJtMQ@gsjgoTj.net,Jovan,Nader
LjgSBqh@MFkdGMR.info,Jovani,Hudson
MYRofKA@KuivjWQ.ru,Desmond,Rice
tZpIcDA@GZSgFNh.info,Gabe,Bogan
hqXhFmD@KTJQcoR.info,Rossie,Rempel
UNLJqZG@AYrWWdk.org,Keely,Stracke
QYNJDal@MtIlvZD.com,Antonetta,Carter
rupONqg@LsLPylQ.ru,Mafalda,Rice
lqAUVhL@VhGTWQm.net,Eriberto,Torp
eRvUFVD@rheRadT.info,Katheryn,Rowe
TnIeZfA@CQrWcMK.net,Eleanore,Wilkinson
sxbmuWX@cFanFox.org,Reagan,Pacocha
OJkrfvb@MLXPKxn.com,Cade,Hermiston
hDLMJJG@AhWlKBC.biz,Keith,Orn
hxGKjXc@eLhMZvC.info,Juliana,Champlin
dYDlpHI@soBJRHc.org,Rebecca,Balistreri
JmNZkDi@ysNDRBD.com,Casper,O'Reilly
XboLmvS@hKBqwNy.biz,Stanford,Crona
CbSSWAd@DRqQQrS.ru,Laurianne,Carroll
PxbaCFX@QlYOieZ.com,Victoria,Champlin
lZUKhtb@hfwQygf.biz,Georgianna,Runolfsson
LsTkQfv@XGOxsll.biz,Salvador,Schneider
pbkNAOK@SmaEuvT.net,Minerva,McDermott
elYXuRw@eunMqxT.org,Bradly,Langworth
NPItRTe@aZPSCXY.biz,Meredith,Volkman
wvkJGBt@legWLqW.com,Pablo,Hyatt
uHlwZIG@DvOoVQh.ru,Alf,Pacocha
pZnkIYM@qtjRpBo.net,Annabel,Shields
ctBZdCo@PxlUNkf.biz,Rey,Renner
ptNArmh@iekNxAV.biz,Ally,Medhurst
KuEDIUH@vVHMtKI.com,Joany,Grady
mbJjjYR@eOQSYXF.net,Gilbert,Kreiger
wGoLyAx@ulFRrRS.info,Missouri,Smitham
mGDywRX@avXatEH.info,Herman,Hodkiewicz
gSvwBZF@lFGMfUH.ru,Keshaun,Predovic
lDLjnuy@wRSwZGo.info,Anna,Nicolas
WuSvvPp@FOWvAJT.net,Emmy,Spencer
CIHllOS@eZKWqRZ.net,Colin,Simonis
DCOemNP@YjqPclV.biz,Telly,Koss
ngmDDOh@jGHjRov.org,Tavares,Collier
YDTaGOi@hKKlHZq.biz,Burnice,Orn
diEyLPJ@cwLJqcp.ru,Shanie,Schaden
dhWUcCW@TaRlpmL.ru,Jett,Kautzer
adOaCOP@bnbmqwb.com,Devante,Hickle
jlhJXVs@rDXlhWj.info,Coleman,Fahey
KwVeJXu@TsxHxWi.com,Kailey,Turcotte
LpmPmDR@cMKrfZs.info,Antwon,Murazik
uKVbADp@rtoVsMc.org,Reid,Metz
JRgqlqD@lgBAjxA.com,Thad,Murphy
ghDPbaR@ueXMRAg.net,Katelyn,Conroy
uhGepRr@ByudNst.org,Lawrence,Harvey
aCvtPAc@Gjcndku.ru,Jared,Jaskolski
GkZwxnh@jKpeuMV.com,Garret,Gislason
OERxPYZ@oeGABjM.biz,Isac,O'Keefe
VsUtOIM@fZQUGRa.info,Monte,Murazik
OSjEeoA@hCXZWkZ.ru,Ernestina,Cruickshank
kYXHVsv@SdtYLRS.com,Georgiana,Wisoky
ejCynBa@CUAxucY.info,Hettie,Mueller
OFfgbwx@xynUTGF.org,Elisa,Jakubowski
EvaGIaW@MdHIgCm.info,Lea,Moen
wQZjglj@YZYYvde.ru,Orion,Schroeder
WkRHbSD@spcmFoC.net,Yessenia,Ebert
EBsTHLs@GWhnEnT.biz,Jeffry,Jenkins
cXbUeNt@wypqZJu.biz,Nicklaus,Koss
RaKQAQP@AHTstcJ.com,Max,Rosenbaum
XrkTRnA@BPwhwOG.com,Janie,Abshire
GhamHgv@RXjnGWX.com,Leta,Marquardt
DvZCHsX@nxMaSPQ.net,Olga,Mohr
VKujkEq@McAnccY.ru,Shawn,Anderson
uVGDdwj@eysOmnq.info,Herbert,Eichmann
pMIyPVH@gkExgBL.biz,Darren,Nitzsche
rSfiyvO@SQPWPEJ.biz,Daija,Spencer
wIxaTFb@NxRwIRs.org,Colin,Harris
EdIlAGm@ZQegGKi.net,Lyda,Rosenbaum
DYHaBsl@fByBHYE.info,Theo,Johnston
xndEXlB@BKCWHCa.net,Kaitlin,Robel
vTvRJql@Yqxstba.net,Jesse,Okuneva
BfBdVtO@AkLeCUq.biz,Guadalupe,Huel
IrcWXkH@jYhVNiB.info,Jaleel,Cormier
XQonsYv@WUHdllc.org,Bernie,Glover
ngfRrHI@ImTIbml.net,Abe,Stiedemann
FIPYWYI@DqEYYwF.biz,Jo,Fay
PWBKZQf@rKDDTmx.org,Sheila,Rohan
aICVbgA@NbiqcUQ.biz,Floyd,Kuphal
UIAnjNW@srbXrJM.com,Armand,Dietrich
ekjTguo@mxIrHKJ.info,Berta,Ryan
DQKopiA@LtLKXim.ru,Hallie,Jacobson
ThdXodb@sNJgeqJ.com,Rogelio,Cormier
mvxnBCB@RREICwZ.net,Twila,Berge
nOhIwZD@yfMOQAx.net,Santina,Johnston
oQocOJt@nbklVbn.info,Vinnie,Schinner
iGZMrJb@GBOAIkf.ru,Trycia,McLaughlin
LqvsCBm@yODMrRy.ru,Hilma,Larkin
olYHunv@vudwlnS.org,Adah,Davis
CQPLEdo@IYMPuwC.net,Westley,Langworth
QTMPOQp@eNRsGPm.org,Kristofer,Ritchie
Bikvwfn@NvTmRMa.biz,Kendrick,Bogan
ErkXIVD@kBVPoCq.com,Carley,Reichel
BIsSOWy@AdBluLb.net,Elisabeth,Orn
yaKBWwB@rrvgtgP.biz,Joanne,Pouros
QuZBywB@eScbGhN.com,June,Larkin
ewMVDog@MKJuYnS.info,Margaretta,Parisian
tRujVwF@ggOdlwG.net,Guiseppe,Hand
ZyCIXAO@voravqT.biz,Ken,Hermiston
PNxowQD@EqYVUur.info,Tracy,Bahringer
VoYDjnt@UrVCRTO.ru,Francis,Altenwerth
MRXwMXT@kReymLq.org,Lyda,Farrell
kQSgewO@AifwGTq.net,Ariel,Tillman
GXybkrT@AIQIFyc.info,Tess,Cronin
gsgGbWq@KuqUXuy.biz,Oleta,Walsh
oMmLatg@MBThcfb.ru,Cecelia,Kilback
rfVUPsZ@TEyRxCM.org,Domenico,Yundt
KdsGeEN@PjZyfpR.com,Serena,Mohr
ClCAHrh@nFcWQbN.com,Kitty,Pacocha
OJkfjFw@ZJlwvHq.org,Britney,Bergstrom
AmHYVhw@gjpwejQ.org,Jeffery,Ferry
OcJEmEU@IhwIvSy.org,Jean,Mraz
dOoHdCC@pBCXKru.info,Stan,Bradtke
DPTUFRN@uPjTFoY.net,Paris,Glover
XZaViLa@lKrRpId.org,Hollis,Bernhard
BTgIhBw@AoThMeD.info,Torrance,Beer
WmBAeWn@aOAxXxM.ru,Ransom,Koss
MxUOqPy@nvKspKg.com,Quincy,Steuber
KToglhB@dZVyGcZ.net,Maximillia,Paucek
ImZYrLx@NHkVpmO.ru,Lenora,Hickle
tukOeXP@lhYolxf.ru,Sammy,Moen
mFPowUm@tEUVFKV.com,Virgil,Hilll
KcIkevB@cVrXHIF.biz,Angelo,Will
YwcULGL@mVPpsWo.org,Margaretta,Carter
dnSDqpD@IZpiEhO.com,Raoul,Corkery
wLwVRdc@XOgHTCI.info,Terrence,Davis
hNmHZeD@dGSmQPa.biz,Electa,Rohan
ARrXBCK@hPAfdTc.info,Isaias,Herman
SqBTJRp@VUGeFdg.com,Gonzalo,Spinka
wEBdkdS@bTLvssq.ru,Stephan,Toy
ejWebbv@mRFpLSP.ru,Stephon,Towne
YLrcfjq@kJADZXc.org,Simone,Goldner
SaFkvON@TBJNTdr.org,Estelle,Purdy
vlycGxm@BawXPWB.org,Jolie,Parisian
agxUqus@FbqyUTI.com,Bernard,Tillman
viEDcuS@vYOnrmF.ru,Jaylin,Sipes
yqmdqwE@EsPToVc.org,Kenyatta,Langworth
eJFsZdt@FlyJFcm.ru,Tito,Pollich
ipDVURn@yDuRKRa.org,Francesca,White
JhIdtBY@MFCspHe.org,Jayne,Mosciski
gDQqPyp@gjbovpq.com,Foster,Kuhlman
RyuhJUo@dYtwXBZ.org,Magdalena,Swaniawski
pIblZGv@gcrgVTy.org,Hershel,O'Conner
jBYKcim@OtTWmKV.ru,Tiana,Padberg
lQTiLdX@wFiQSkr.org,Murray,Hane
CQDbJGa@AryEPnr.ru,Moses,Gerlach
IgUsMoN@nRXTAgw.ru,Arely,Bergstrom
qksKMXI@vmHKIXC.info,Lawson,Rempel
NJxvYUD@LGukesQ.org,Enos,Schimmel
ycalXLA@ijWQsdB.net,Eladio,Koch
pGtWiOO@VQKapbo.ru,Citlalli,Mann
fabUxBP@rHpnpfR.org,Brenda,Brown
iEYtDbg@IMqSxUy.net,Liam,Grimes
PbVMVhc@bnPPALo.com,Ocie,Jerde
UYhrCaV@bPqxyie.net,Margarita,Torp
GldONXe@xXFRqFo.ru,Daisy,Dietrich
QtoBIlr@QpLYgtH.com,Maritza,Hills
WskdyaP@CCobaIf.com,Mario,Maggio
bwXnKLe@YjELeUT.info,Candida,Sipes
nVFBJAD@tvELDvh.info,Alexandra,Veum
VKHWswi@WBnecnh.org,Dakota,Quigley
VeuXbdU@DxlERrR.biz,Antonetta,Spinka
qbEAdxb@XcdnXBF.ru,Annalise,Raynor
dRDURdY@UNrQwRQ.org,Eloisa,Douglas
qGrejfe@exoxhBn.net,Clarabelle,Rau
DIPNcgC@laknScs.net,Gerardo,Stark
sNqlxiS@pXlLGaD.com,Arch,Mitchell
xWFYphS@tsKEcxI.info,Adonis,Walker
VxnMSPT@bkgJRCk.biz,Rosario,Mohr
WuIWMMd@oNQtAgi.ru,Justina,Gottlieb
nVaKcFX@ovYZauF.ru,Hazel,Barton
DECrWSe@segQKKp.info,Alek,Langosh
narvdlB@cFJYHmj.net,Elwin,Raynor
AfvRJXl@MNueERZ.ru,Adrien,Raynor
uoJtcEV@ZwlFIAd.org,Ignatius,Sawayn
UWTdvcO@FSxsQeh.info,Kaya,Rolfson
HerhxkN@qgdyfdr.info,Gaylord,Funk
tSLxHtN@oabJPhJ.org,Mohammad,Zulauf
uQebXEo@KaYbvYL.info,Jany,Emard
wkNwyOl@eZGuyrp.biz,Daisy,Haag
QuLAArK@dnTuqCH.biz,Alana,Larson
fbKxEeE@RCRcwFd.ru,Leonel,Gorczany
btdhqcc@aVcZTre.net,Ellen,Collier
ytBobOC@HAYFIlf.com,Benton,Koelpin
mAKrKfU@FhAnmfS.net,Eliza,Farrell
UvsZQlb@viTSodn.ru,Adella,Rutherford
DgqLSTN@nbgQRXn.net,Dariana,Gibson
jxFyUbY@wYhHirF.org,Micah,Fadel
PKoAFWx@cMKWpqo.ru,Reynold,Barton
CVNvaYD@cLkGcMk.com,Ashleigh,McLaughlin
sWZHUDl@rXvdChV.info,Janet,Gottlieb
GmeMsQW@xKQxMWQ.net,Shea,Reinger
xDYTski@qmNMVUQ.info,Mason,Rice
lCyRSQK@NjfqBwn.info,Jarrett,Willms
AdpKhDR@jidMnyZ.net,Eudora,Wehner
srkaOCM@dgubiBi.com,Kale,Fisher
iiDLwpT@GtWtANT.org,Erick,Lemke
ldOtyLS@UTdjIKo.net,Chelsea,Koelpin
kBRUsGY@uTXFnVf.info,Eliza,Jast
xobNynG@ksqBqNC.biz,Vernie,Bashirian
IwfMvhE@sTQsxhj.net,Emmett,O'Connell
YZWrAJC@UNhAbla.org,Myron,Steuber
mqUetkn@FVOPjPL.org,Orrin,Weissnat
CSYMcLP@cOikmei.com,Keven,Lynch
PoOtEcN@EgvaASl.info,Roy,Hammes
JLcyyQO@NIIFXMp.com,Calista,Altenwerth
NpyYbTm@tOTQYtE.org,Lambert,Muller
psBgbsG@STGxWfC.biz,Agustin,Langosh
wjaecZQ@SWlgRGP.info,Alexis,Bartell
sWcgpkq@YTHxglT.com,Bart,Franecki
aKkUtkY@yLcJaHM.info,Katherine,Daugherty
CrYCLAq@liGhDNj.biz,Isac,Welch
QjIOExN@EZyRApO.com,Edwina,Jerde
wnftPuV@NjAMiQA.org,Isabell,Satterfield
JYjTiNS@LJdSSLH.com,Queen,Fadel
NpaJtDW@afFKdbq.ru,Paige,Huels
arXUhwr@XVmHWkr.net,Kirstin,Crona
rmVgJLU@TLZUoXP.com,Yadira,Langworth
CVXYPXO@lLrabqL.com,Hilda,Rutherford
KPnEuYD@UgOaGOV.ru,Abner,Bruen
fVanovi@tCCRVxn.biz,Leanna,Harvey
MBxCogO@iMYISkU.org,Raina,Koepp
GwCFJbb@hIcHySn.info,Jess,Russel
FkGZdKl@vYOsjWy.ru,Savanna,Trantow
CtXGcRu@yAckviY.ru,Melba,Hartmann
SggwNnT@EuhTnaS.ru,Felicita,Osinski
EnjyCpk@lFOgaWN.info,Garland,Homenick
cuKiPqm@AqmoMdh.net,Cordia,Reichel
aRnJccR@XKQgWkw.info,Tressie,Nitzsche
WXEyJbK@lpAGIZF.com,Arturo,Mills
dyqASMx@iHsjgHY.biz,Winfield,Mitchell
qMwqMCg@WekiFIt.info,Jaylen,Schiller
pOCpCen@mnVXOdl.net,Barton,Brakus
EZkpxpe@PxhlDiM.org,Nova,Leffler
PXXQGwr@tnByqjn.biz,Hilbert,Cummerata
SvKqZbD@pZAbNEa.org,Destany,Sipes
JvxZSVL@MMZDGwV.ru,Barrett,Emard
SQEInZF@iWjWeBZ.com,Araceli,Murazik
XtGRTga@BLFCttg.net,Scot,Cummerata
QQpvYob@JBrUdOH.com,Sibyl,Murray
bRKkwhO@lDaVfAf.ru,Berta,Blanda
gncaUoJ@ReTuude.ru,Gudrun,Murphy
OnSWTdn@ddXfSaN.com,Josh,Runte
hSUKYuv@nvAPZAu.info,Keon,Adams
HhMGthS@rWJrdDn.info,Kelton,Sporer
nqRTSrb@wkEcEAS.org,Katrina,Hilpert
qxuTxlM@OLXpJqf.biz,Joana,Rogahn
vkrfRZH@LcSOigh.com,Bria,Waters
sKdUIgO@lppFKBb.ru,Garret,Gusikowski
RhEIoeo@QwfaOet.info,Brittany,Abbott
vpHAQFg@FDAuAGN.net,Adam,Leannon
idxOwDN@mnUfswo.com,Delia,Bergnaum
NyInlxw@GPEeVJq.com,Hope,Feeney
DMGoLgA@rWKKrut.net,Dedrick,Hane
TFnICAR@rlMiNUb.ru,Karelle,Harvey
KCZWRfl@DfVtvKl.biz,Monte,Weber
WimSQtD@SCRdiJU.net,Santino,Johnson
jYXojbX@MejKHMG.info,Luis,Gottlieb
oGUAchv@yWXiFLY.org,Llewellyn,Wisozk
OIqbryi@bLNuuiS.biz,Kristina,Tromp
SkGivBE@DZsdgUm.ru,Joannie,Walsh
KlvbpId@oCVBYHm.org,Heber,Russel
GVhNdwR@vHsiIvc.ru,Amely,Weissnat
TJrldqJ@cYJIeBB.biz,Gia,Sanford
wHDHixi@fPRuOAu.info,Nicolette,Parisian
qtbnAYK@SpFKCHY.net,Adonis,Williamson
PjFcIxn@dKdArEo.biz,Eulalia,Johnston
RiUVlNn@gfCTxdl.ru,Alvina,Yost
SDHtlbK@deBMjPk.ru,Hershel,Crist
bZfoWOZ@GMjKAjE.info,Lillian,Brakus
QAGklUF@dknyVak.biz,Jade,Graham
GFXTkBb@ZkBmSnp.ru,Marielle,Hegmann
bAXtSbv@ARTfMtY.biz,Kasandra,Murazik
kPjSBWy@jsqJGKl.info,Ethel,Fahey
MKflPQp@lQLHLRJ.net,Jaquelin,Strosin
sdvhrqm@hMDiWOm.net,Jorge,Purdy
PYUZcjx@ftKDbtm.info,Maurine,Mosciski
aFJhBiA@ZOEhHdp.ru,Dulce,Rogahn
xPDBvak@InvvCAM.biz,Demetrius,Schiller
eaLhSGB@OxtCnXm.ru,Rosalinda,Glover
HEMgRAy@oJUlxRD.com,Jewell,Powlowski
rHwADrl@SsYDqIe.info,Johnathan,Torp
PAcaOEL@sGkwJaq.info,Dora,Ziemann
rBZweoR@kecRXBH.biz,Beau,Halvorson
bqtbXsZ@IdOXdmr.biz,Harmony,O'Connell
owfCIds@sbBeHIK.biz,Fabiola,Bernier
Hiewbqj@SwiQwku.info,Yaatiesh,Aufderhar
uPVWFEO@LkHKKNK.info,Hyman,Hintz
KMapXHo@pNfXHAQ.org,Anissa,Metz
vysVrVe@mOhIVPY.ru,Amelie,Lehner
hnLSOxp@FFbimMa.net,Brooklyn,Kirlin
ObWjQtr@EUDaDXq.biz,Emory,Quitzon
CWEgjoD@QhKaRDP.info,Geovanny,Wiza
rOGTgWf@MbMxYlt.ru,Darien,Gottlieb
mJvCbsx@apmnFyl.com,Mallie,Streich
BKAuRwa@FCplEfJ.biz,Dominic,Sipes
BBOCFby@JCDKaQF.net,Mortimer,Powlowski
xFfateN@NixptcH.info,Jasen,Nicolas
CqSbNgB@MjpTtgK.com,Modesta,Friesen
DamJmPV@KlPXiLs.ru,Urban,Metz
XCvNEVD@RDYxBjB.info,Flo,Moore
YHTRZTl@QHHGDKk.biz,Shad,Jaskolski
CLuDKNP@FGGkNgb.ru,Eduardo,Kunze
kxgnbRm@CVbjshu.ru,Darrin,Effertz
oPlqwLE@DHsWyFm.org,Kane,Halvorson
CRmYSBO@CenOLiH.com,Gardner,Cole
idAqViU@aDZPWJT.org,Fredy,Satterfield
fZshBjX@hKFMJdj.net,Jed,Pfannerstill
wcFALfm@tldkAHw.net,Mossie,Kutch
icQKMAN@AdHnsUS.com,Madisyn,Wisozk
kkSNFPJ@ovCQCds.biz,Caitlyn,Purdy
JbMLgsx@TAQUVFu.net,Reuben,Gibson
mCwRLFU@PVqdnLB.org,Armando,Kris
mgWAqRu@lRWhPwi.info,Edward,Kilback
tJlOpTp@oCeCYZX.biz,Jakob,Nolan
nJAjsPL@lJlKPAx.org,Lonzo,Koelpin
hVgZnZT@wjAYVyV.org,Aditya,Kemmer
NfoeqCi@ZWZBufE.com,Bonnie,Mills
QtDSpfE@mKAmoRJ.com,Elisa,DuBuque
giovNGa@xZjqjYP.info,Sigurd,Feeney
RBBQTJe@YgNDHfH.org,Jolie,Dickinson
LWTiHCZ@SaLwwyO.net,Leanne,Gerhold
oDSSnXX@wMoZLFD.biz,Cara,Oberbrunner
TPBIdXP@bNEimKC.biz,Hillary,Johnston
SUmSBsK@flGSmEc.info,Reta,Brakus
CwwsgOZ@VbCNrUX.net,Rita,Kemmer
jCtfsIT@vBKUFDo.ru,Stacey,Abernathy
afygotO@IgvRaZp.biz,Lucio,Stroman
TvQpYEH@vJqwkZq.net,Destiny,Gutmann
nrSxoxe@TZeOmAL.info,Dustin,Spinka
OLfncIm@xQkPBPe.ru,Royal,Schmitt
dQNrMle@uhnteRn.info,Carey,Kessler
HZgPAhF@BcbTBdx.ru,Eileen,Nicolas
cHWXled@AxHvCRk.ru,Lucio,VonRueden
xPKuYlk@AeXHMOL.info,Erwin,McDermott
hLxjLNi@BRpluiA.ru,Alessandro,Moore
vYllWmn@TsLinKL.biz,Eudora,Hegmann
WGttKrL@GWoGgbo.com,Jensen,Dooley
vaUJsZB@YJEBuIb.net,Maeve,Jaskolski
LQQjSYw@UlUfuxK.org,Christophe,Kulas
FOrpuBW@mLMqqiU.com,Jackeline,Green
hSjDfDY@CWqGghD.biz,Consuelo,Kub
wpReBIL@fvZWWuw.ru,Idella,Satterfield
EQUSIDJ@OWUqZQH.net,Carmen,Abshire
MtqILcs@BGRYOQF.info,Rigoberto,Will
NfcWENR@FUahwtI.info,Hermina,Sauer
gNufDqT@GOXBpsy.info,Aron,Kris
MQAATBS@lnbjigd.ru,Antwon,Hodkiewicz
nFCVKWw@RonQDPv.net,Durward,Nikolaus
CjRDLgm@lssZHUj.info,Abner,Kemmer
jveZCmc@wwLRnPY.info,Asia,Dare
NaqZvPi@lKKBhdl.org,Retta,Beatty
TeSrQdV@JaxcQyt.ru,Alycia,Keebler
HGNEvFa@cqadOZF.info,Roman,Nienow
dbnVKTR@KAfmyWL.info,Sigurd,Carroll
fpCAkbr@XYBTGdu.com,Mandy,Pouros
PUbcUHc@FIADCHU.biz,Monica,Quitzon
imQDPAY@difZOKc.biz,Leatha,Ward
jKiAGXH@BlswBKn.net,Jasmin,Gerlach
CVnOGKX@IUcZZPh.com,Israel,Bahringer
yljMBgI@XnETrtw.ru,Leatha,Kuhn
nOlUCQB@WhLEdPY.biz,Kaylah,Gutmann
xZGLmrN@cAIACqP.com,Mathew,Weber
ubaaaEb@dojgAyJ.org,Deshaun,Welch
hxhaByB@XhhGDVG.ru,Jazmin,Towne
EvCKHtF@JGgqqir.net,Royce,Kutch
cCYSOBL@mCdycLD.net,Destany,Hayes
GWWBnRG@juyoSFI.info,Isadore,Jakubowski
JWIQUEn@fUIhWhw.org,Darren,Marvin
JJXiiHS@FfwVgbd.com,Horace,Ritchie
oCnXHvw@WCSYpvu.com,Herminio,Haley
SptZeIe@XZvFAeH.biz,Jayce,Kunde
AHpmTfc@VFUNMDQ.com,Marcelo,Rippin
SfcOBMi@UpnBhDq.org,Geraldine,Paucek
aaBVbkt@nYxTcRJ.com,Pink,Lynch
PXheUka@aYvZjHv.net,Jessica,Rau
qNbZlil@LYpCyvA.org,Elmore,Lakin
lXdXjjQ@XeHkkZZ.ru,Geovanny,Borer
HHjJQeO@tcdJXft.biz,Doug,Klein
TYfGywN@ecuZfwC.org,Henriette,Zulauf
gdwhXTl@QCCwIyN.ru,Muriel,Bogan
RaSgptD@iBVrmbU.org,Leora,Little
XpqPyYf@moUkwgl.ru,Brandon,O'Keefe
VFMJCDq@MLXbaeF.info,Bria,Effertz
KcdnayQ@nluUKYh.org,Lillie,Medhurst
uaxncdu@ibSABYO.info,Everette,Volkman
QLmsHoj@CGuMMnU.com,Darrick,Jaskolski
qKqcDoZ@AkRWQMF.com,Sophie,Johns
XChvevY@GwpTVSa.net,Larue,Gleichner
CYSrViF@JPUaWTV.com,Baby,Schuster
aFxSUQo@SdOrkfb.biz,Monique,Howell
OUsuvni@suvtcCn.com,Clementine,Predovic
vBbHNjC@aBIHIHu.ru,Libbie,Heller
BqYDTPv@lubdpUN.com,Aniyah,Prosacco
lCOHQGo@PMnpDwC.com,Arvid,Ortiz
dPGcAsm@KSQPOlK.com,Jared,Pagac
IIKkUXo@IZxgqvB.com,Rigoberto,Rodriguez
ptPUJRG@elMXLqp.com,Cristian,Kuhic
ZuEaHOL@KSUSTXG.org,Jensen,Anderson
UGmcurG@CCSXBnk.net,Beatrice,Keeling
FoiQUbb@mGHjvtr.net,Layne,Padberg
XogYsMm@tnblajj.info,Edythe,Schoen
AhKxmwi@kYygsSi.com,Amalia,O'Connell
LYCkKew@QdAtBXb.com,Noelia,Yundt
kZlXAEP@BRRQxUE.info,Joy,Turcotte
elZoGjF@SLWNyPb.info,Brody,Bahringer
pMwRYMb@YenNRew.info,Spencer,Shields
FcjoISS@njtSjEG.org,Antone,Thompson
sudpKcN@OqVGmKa.info,Arely,Eichmann
YhhxIix@BvqCnFq.ru,Elza,Boehm
EVhnLuC@bhKtLMq.net,Wilton,Gleichner
WTlpSBd@vCoumYR.biz,Maida,Gerhold
crjlllZ@vpkShYm.ru,Bertram,Kunze
TOErZIw@ohmWhtl.ru,Danyka,Muller
WbGMTjU@tvVpdvg.org,Pasquale,Rippin
